{"assets/fonts/Roboto-Black.ttf":["assets/fonts/Roboto-Black.ttf"],"assets/fonts/Roboto-Bold.ttf":["assets/fonts/Roboto-Bold.ttf"],"assets/fonts/Roboto-Medium.ttf":["assets/fonts/Roboto-Medium.ttf"],"assets/fonts/Roboto-Regular.ttf":["assets/fonts/Roboto-Regular.ttf"],"assets/images/am-loading.json":["assets/images/am-loading.json"],"assets/images/bg.png":["assets/images/bg.png"],"assets/images/bot.png":["assets/images/bot.png"],"assets/images/bot_doctor.jpg":["assets/images/bot_doctor.jpg"],"assets/images/bot_nur.jpg":["assets/images/bot_nur.jpg"],"assets/images/default.png":["assets/images/default.png"],"assets/images/logo.png":["assets/images/logo.png"],"assets/images/mainlogo.png":["assets/images/mainlogo.png"],"assets/images/management.webp":["assets/images/management.webp"],"assets/images/new.png":["assets/images/new.png"],"assets/images/new_white.png":["assets/images/new_white.png"],"assets/images/project.webp":["assets/images/project.webp"],"assets/images/user.webp":["assets/images/user.webp"],"assets/images/wifi.jpg":["assets/images/wifi.jpg"],"assets/images/wifil.png":["assets/images/wifil.png"],"font/Roboto-Black.ttf":["font/Roboto-Black.ttf"],"font/Roboto-Bold.ttf":["font/Roboto-Bold.ttf"],"font/Roboto-Medium.ttf":["font/Roboto-Medium.ttf"],"font/Roboto-Regular.ttf":["font/Roboto-Regular.ttf"],"packages/animated_snack_bar/assets/monochrome/check-circle.svg":["packages/animated_snack_bar/assets/monochrome/check-circle.svg"],"packages/animated_snack_bar/assets/monochrome/comment-dots.svg":["packages/animated_snack_bar/assets/monochrome/comment-dots.svg"],"packages/animated_snack_bar/assets/monochrome/exclamation-circle.svg":["packages/animated_snack_bar/assets/monochrome/exclamation-circle.svg"],"packages/animated_snack_bar/assets/monochrome/exclamation-octagon.svg":["packages/animated_snack_bar/assets/monochrome/exclamation-octagon.svg"],"packages/animated_snack_bar/assets/monochrome/exclamation-triangle.svg":["packages/animated_snack_bar/assets/monochrome/exclamation-triangle.svg"],"packages/animated_snack_bar/assets/regular/check-circle.svg":["packages/animated_snack_bar/assets/regular/check-circle.svg"],"packages/animated_snack_bar/assets/regular/exclamation-circle.svg":["packages/animated_snack_bar/assets/regular/exclamation-circle.svg"],"packages/animated_snack_bar/assets/regular/exclamation-triangle.svg":["packages/animated_snack_bar/assets/regular/exclamation-triangle.svg"],"packages/animated_snack_bar/assets/regular/info-circle.svg":["packages/animated_snack_bar/assets/regular/info-circle.svg"],"packages/cool_alert/assets/flare/error_check.flr":["packages/cool_alert/assets/flare/error_check.flr"],"packages/cool_alert/assets/flare/info_check.flr":["packages/cool_alert/assets/flare/info_check.flr"],"packages/cool_alert/assets/flare/loading.flr":["packages/cool_alert/assets/flare/loading.flr"],"packages/cool_alert/assets/flare/success_check.flr":["packages/cool_alert/assets/flare/success_check.flr"],"packages/cool_alert/assets/flare/warning_check.flr":["packages/cool_alert/assets/flare/warning_check.flr"],"packages/cupertino_icons/assets/CupertinoIcons.ttf":["packages/cupertino_icons/assets/CupertinoIcons.ttf"],"packages/toast/assets/toastify.css":["packages/toast/assets/toastify.css"],"packages/toast/assets/toastify.js":["packages/toast/assets/toastify.js"]}